Workbook

Sheet Claims Data
A1: Claim ID | B1: Policy No | C1: Customer Name | D1: Age | E1: Gender | F1: Claim Type | G1: Claim Amount | H1: Approved Amount | I1: Status | J1: Handler | K1: Month | L1: Quarter | M1: Days to Settle | N1: City | O1: Region
A2: 5001 | B2: POL-101 | C2: Aryan Mehta | D2: 34 | E2: M | F2: Health | G2: 45000 | H2: 40000 | I2: Settled | J2: Ravi Kumar | K2: Jan | L2: Q1 | M2: 12 | N2: Delhi | O2: North
A3: 5002 | B3: POL-102 | C3: Sunita Sharma | D3: 52 | E3: F | F3: Motor | G3: 120000 | H3: 100000 | I3: Settled | J3: Priya Das | K3: Jan | L3: Q1 | M3: 18 | N3: Mumbai | O3: West
A4: 5003 | B4: POL-103 | C4: Karan Singh | D4: 28 | E4: M | F4: Health | G4: 30000 | H4: 28000 | I4: Settled | J4: Ravi Kumar | K4: Jan | L4: Q1 | M4: 8 | N4: Delhi | O4: North
A5: 5004 | B5: POL-104 | C5: Meena Patel | D5: 45 | E5: F | F5: Property | G5: 200000 | H5: 180000 | I5: Settled | J5: Amit Joshi | K5: Jan | L5: Q1 | M5: 25 | N5: Ahmedabad | O5: West
A6: 5005 | B6: POL-105 | C6: Rajesh Gupta | D6: 60 | E6: M | F6: Health | G6: 80000 | H6: 75000 | I6: Settled | J6: Priya Das | K6: Jan | L6: Q1 | M6: 10 | N6: Lucknow | O6: North
A7: 5006 | B7: POL-106 | C7: Pooja Verma | D7: 38 | E7: F | F7: Motor | G7: 60000 | H7: 55000 | I7: Pending | J7: Ravi Kumar | K7: Jan | L7: Q1 | M7: 0 | N7: Bangalore | O7: South
A8: 5007 | B8: POL-107 | C8: Nitin Joshi | D8: 42 | E8: M | F8: Health | G8: 35000 | H8: 30000 | I8: Settled | J8: Amit Joshi | K8: Feb | L8: Q1 | M8: 14 | N8: Pune | O8: West
A9: 5008 | B9: POL-108 | C9: Ananya Roy | D9: 29 | E9: F | F9: Motor | G9: 90000 | H9: 82000 | I9: Settled | J9: Priya Das | K9: Feb | L9: Q1 | M9: 20 | N9: Kolkata | O9: East
A10: 5009 | B10: POL-109 | C10: Deepak Nair | D10: 55 | E10: M | F10: Property | G10: 350000 | H10: 300000 | I10: Settled | J10: Ravi Kumar | K10: Feb | L10: Q1 | M10: 30 | N10: Chennai | O10: South
A11: 5010 | B11: POL-110 | C11: Kavitha Reddy | D11: 33 | E11: F | F11: Health | G11: 42000 | H11: 38000 | I11: Settled | J11: Amit Joshi | K11: Feb | L11: Q1 | M11: 9 | N11: Hyderabad | O11: South
A12: 5011 | B12: POL-111 | C12: Suresh Kumar | D12: 47 | E12: M | F12: Motor | G12: 75000 | H12: 70000 | I12: Pending | J12: Priya Das | K12: Feb | L12: Q1 | M12: 0 | N12: Delhi | O12: North
A13: 5012 | B13: POL-112 | C13: Ritu Bose | D13: 36 | E13: F | F13: Health | G13: 28000 | H13: 25000 | I13: Settled | J13: Ravi Kumar | K13: Feb | L13: Q1 | M13: 7 | N13: Kolkata | O13: East
... A31: 5030 | B31: POL-130 | C31: Rekha Dubey | D31: 49 | E31: F | F31: Health | G31: 62000 | H31: 56000 | I31: Pending | J31: Ravi Kumar | K31: Apr | L31: Q2 | M31: 0 | N31: Lucknow | O31: North

Sheet Summary Dashboard
A1: INSURANCE CLAIMS ANALYSIS DASHBOARD
A3: KEY METRICS | F3: CLAIMS BY TYPE
A4: Total Claims | D4: =COUNTA('Claims Data'!A2:A31) -> 30 | F4: Claim Type | G4: Total Claims | H4: Claimed Amt | I4: Approved Amt | J4: Settled
A5: Total Claimed | D5: =SUM('Claims Data'!G2:G31) -> 3415000 | F5: Health | G5: =COUNTIF('Claims Data'!F:F,F5) -> 14 | H5: =SUMIF('Claims Data'!F:F,F5,'Claims Data'!G:G) -> 663000 | I5: =SUMIF('Claims Data'!F:F,F5,'Claims Data'!H:H) -> 602000 | J5: =COUNTIFS('Claims Data'!F:F,F5,'Claims Data'!I:I,"Settled") -> 12
A6: Total Approved | D6: =SUM('Claims Data'!H2:H31) -> 3047000 | F6: Motor | G6: =COUNTIF('Claims Data'!F:F,F6) -> 9 | H6: =SUMIF('Claims Data'!F:F,F6,'Claims Data'!G:G) -> 752000 | I6: =SUMIF('Claims Data'!F:F,F6,'Claims Data'!H:H) -> 670000 | J6: =COUNTIFS('Claims Data'!F:F,F6,'Claims Data'!I:I,"Settled") -> 4
A7: Settled Claims | D7: =COUNTIF('Claims Data'!I2:I31,"Settled") -> 23 | F7: Property | G7: =COUNTIF('Claims Data'!F:F,F7) -> 7 | H7: =SUMIF('Claims Data'!F:F,F7,'Claims Data'!G:G) -> 2000000 | I7: =SUMIF('Claims Data'!F:F,F7,'Claims Data'!H:H) -> 1775000 | J7: =COUNTIFS('Claims Data'!F:F,F7,'Claims Data'!I:I,"Settled") -> 7
A8: Pending Claims | D8: =COUNTIF('Claims Data'!I2:I31,"Pending") -> 5
A9: Rejected Claims | D9: =COUNTIF('Claims Data'!I2:I31,"Rejected") -> 2 | F9: MONTHLY CLAIMS TREND
A10: Settlement Rate | D10: =COUNTIF('Claims Data'!I2:I31,"Settled")/COUNTA('Claims Data'!I2:I31) -> 0.76666667 | F10: Month | G10: Claims | H10: Claimed | I10: Approved | J10: Settled Count
A11: Avg Days Settle | D11: =AVERAGEIF('Claims Data'!I2:I31,"Settled",'Claims Data'!M2:M31) -> 17.043478 | F11: Jan | G11: =COUNTIF('Claims Data'!K:K,F11) -> 6 | H11: =SUMIF('Claims Data'!K:K,F11,'Claims Data'!G:G) -> 535000 | I11: =SUMIF('Claims Data'!K:K,F11,'Claims Data'!H:H) -> 478000 | J11: =COUNTIFS('Claims Data'!K:K,F11,'Claims Data'!I:I,"Settled") -> 5
F12: Feb | G12: =COUNTIF('Claims Data'!K:K,F12) -> 6 | H12: =SUMIF('Claims Data'!K:K,F12,'Claims Data'!G:G) -> 620000 | I12: =SUMIF('Claims Data'!K:K,F12,'Claims Data'!H:H) -> 545000 | J12: =COUNTIFS('Claims Data'!K:K,F12,'Claims Data'!I:I,"Settled") -> 5
A13: HANDLER PERFORMANCE | F13: Mar | G13: =COUNTIF('Claims Data'!K:K,F13) -> 8 | H13: =SUMIF('Claims Data'!K:K,F13,'Claims Data'!G:G) -> 775000 | I13: =SUMIF('Claims Data'!K:K,F13,'Claims Data'!H:H) -> 693000 | J13: =COUNTIFS('Claims Data'!K:K,F13,'Claims Data'!I:I,"Settled") -> 6
A14: Handler | B14: Assigned | C14: Settled | D14: Pending | F14: Apr | G14: =COUNTIF('Claims Data'!K:K,F14) -> 10 | H14: =SUMIF('Claims Data'!K:K,F14,'Claims Data'!G:G) -> 1485000 | I14: =SUMIF('Claims Data'!K:K,F14,'Claims Data'!H:H) -> 1331000 | J14: =COUNTIFS('Claims Data'!K:K,F14,'Claims Data'!I:I,"Settled") -> 7
A15: Ravi Kumar | B15: =COUNTIF('Claims Data'!J:J,A15) -> 11 | C15: =COUNTIFS('Claims Data'!J:J,A15,'Claims Data'!I:I,"Settled") -> 7 | D15: =COUNTIFS('Claims Data'!J:J,A15,'Claims Data'!I:I,"Pending") -> 3
A16: Priya Das | B16: =COUNTIF('Claims Data'!J:J,A16) -> 10 | C16: =COUNTIFS('Claims Data'!J:J,A16,'Claims Data'!I:I,"Settled") -> 9 | D16: =COUNTIFS('Claims Data'!J:J,A16,'Claims Data'!I:I,"Pending") -> 1
A17: Amit Joshi | B17: =COUNTIF('Claims Data'!J:J,A17) -> 9 | C17: =COUNTIFS('Claims Data'!J:J,A17,'Claims Data'!I:I,"Settled") -> 7 | D17: =COUNTIFS('Claims Data'!J:J,A17,'Claims Data'!I:I,"Pending") -> 1
A19: CLAIM STATUS BREAKDOWN
A20: Status | B20: Count | C20: % Share | D20: Avg Amount
A21: Settled | B21: =COUNTIF('Claims Data'!I:I,A21) -> 23 | C21: =B21/30 -> 0.76666667 | D21: =AVERAGEIF('Claims Data'!I:I,A21,'Claims Data'!G:G) -> 127434.78
A22: Pending | B22: =COUNTIF('Claims Data'!I:I,A22) -> 5 | C22: =B22/30 -> 0.16666667 | D22: =AVERAGEIF('Claims Data'!I:I,A22,'Claims Data'!G:G) -> 66800
A23: Rejected | B23: =COUNTIF('Claims Data'!I:I,A23) -> 2 | C23: =B23/30 -> 0.066666667 | D23: =AVERAGEIF('Claims Data'!I:I,A23,'Claims Data'!G:G) -> 75000

Sheet Power BI Steps
A1: POWER BI DASHBOARD — STEP BY STEP GUIDE
A2: Step | B2: Action
A3: STEP 1 | B3: Open Power BI Desktop → Get Data → Excel → Select this file → Load 'Claims Data' sheet
A4: STEP 2 | B4: Go to Transform Data → Check all column types → Date = Date, Amount = Decimal → Close & Apply
A5: STEP 3 | B5: Create Measure: Total Claims = COUNTA('Claims Data'[Claim ID])
A6: STEP 4 | B6: Create Measure: Total Claimed Amount = SUM('Claims Data'[Claim Amount])
A7: STEP 5 | B7: Create Measure: Total Approved = SUM('Claims Data'[Approved Amount])
A8: STEP 6 | B8: Create Measure: Settlement Rate = DIVIDE(COUNTIF('Claims Data'[Status],"Settled"),COUNTA('Claims Data'[Status]))
A9: STEP 7 | B9: Create Measure: Avg Days to Settle = CALCULATE(AVERAGE('Claims Data'[Days to Settle]),'Claims Data'[Status]="Settled")
A10: STEP 8 | B10: Add 5 KPI Cards: Total Claims | Total Claimed | Approved | Settlement Rate | Avg Days
A11: STEP 9 | B11: Add Clustered Bar Chart → Axis: Claim Type → Values: Total Claims
A12: STEP 10 | B12: Add Line Chart → Axis: Month → Values: Total Claims + Total Claimed
A13: STEP 11 | B13: Add Donut Chart → Legend: Status (Settled/Pending/Rejected) → Values: Count
... A20: STEP 18 | B20: Save as Insurance_Claims_Dashboard.pbix → Take screenshot → Upload to GitHub
